batch_i,episode_len,loss,value_loss,policy_loss,kl_divergence,lr_multiplier,win_ratio,win_count,loss_count,tie_count
1,30,,,,,,,,,
2,33,,,,,,,,,
3,47,5.319318771362305,0.9260262250900269,4.393292427062988,0.00057010393,1.5,,,,
4,18,5.381094932556152,0.9919428825378418,4.3891520500183105,0.011971182,1.5,,,,
5,30,5.391365051269531,1.0009351968765259,4.390429973602295,0.008280258,2.25,,,,
6,28,5.381490707397461,0.9934309720993042,4.388059616088867,0.002819879,3.375,,,,
7,32,5.34538459777832,0.9582990407943726,4.387085437774658,0.0027387517,5.0625,,,,
8,29,5.227321147918701,0.8408623337745667,4.386458873748779,0.0034694783,7.59375,,,,
9,42,5.103677749633789,0.7423688769340515,4.361309051513672,0.106269866,5.0625,,,,
10,25,5.219027996063232,0.8511995673179626,4.367828369140625,0.09984814,3.375,,,,
11,32,5.144498825073242,0.7734566926956177,4.371042251586914,0.0040719686,5.0625,,,,
12,41,4.967541694641113,0.6057873964309692,4.361754417419434,0.018895607,5.0625,,,,
13,20,4.713527679443359,0.41166970133781433,4.301857948303223,0.094437,3.375,,,,
14,34,4.664823055267334,0.3181461691856384,4.346676826477051,0.07252313,2.25,,,,
15,13,4.628188610076904,0.32003095746040344,4.308157444000244,0.023721265,2.25,,,,
16,22,4.636807918548584,0.33596956729888916,4.300838470458984,0.030851113,2.25,,,,
17,43,4.8505377769470215,0.610057532787323,4.240480422973633,0.02959963,2.25,,,,
18,40,4.864130973815918,0.614495038986206,4.249636173248291,0.0366748,2.25,,,,
19,37,4.977811336517334,0.7512412667274475,4.226570129394531,0.041041896,1.5,,,,
20,35,5.043548107147217,0.7899293303489685,4.2536187171936035,0.019876232,1.5,,,,
21,53,4.848209381103516,0.6390801668167114,4.209129333496094,0.03696973,1.5,,,,
22,35,4.773622989654541,0.562595546245575,4.2110276222229,0.032189842,1.5,,,,
23,41,4.720369815826416,0.5271239280700684,4.193245887756348,0.03729185,1.5,,,,
24,34,4.876938343048096,0.6394736170768738,4.237464904785156,0.026225459,1.5,,,,
25,51,4.686782360076904,0.5262914896011353,4.160490989685059,0.03939779,1.5,,,,
26,21,4.628069877624512,0.4497533440589905,4.178316593170166,0.047454037,1.0,,,,
27,37,4.717610836029053,0.564306378364563,4.153304576873779,0.030481,1.0,,,,
28,24,4.637820243835449,0.5198846459388733,4.117935657501221,0.029777199,1.0,,,,
29,23,4.638364791870117,0.5241337418556213,4.114231109619141,0.029612284,1.0,,,,
30,25,4.6575026512146,0.550826907157898,4.106675624847412,0.03206783,1.0,,,,
31,17,4.583096981048584,0.4717298150062561,4.111367225646973,0.03370983,1.0,,,,
32,18,4.661128520965576,0.5370729565620422,4.1240553855896,0.029603785,1.0,,,,
33,38,4.689209938049316,0.5914251804351807,4.097784996032715,0.023215793,1.0,,,,
34,22,4.631550312042236,0.5356153249740601,4.095934867858887,0.02783487,1.0,,,,
35,26,4.537954807281494,0.5012297630310059,4.036725044250488,0.0392989,1.0,,,,
36,10,4.616960048675537,0.5447368025779724,4.07222318649292,0.042922013,0.6666666666666666,,,,
37,30,4.6864824295043945,0.5790061950683594,4.107476234436035,0.01916954,0.6666666666666666,,,,
38,18,4.653079509735107,0.6133063435554504,4.039772987365723,0.024046376,0.6666666666666666,,,,
39,28,4.630512714385986,0.5606676340103149,4.069845199584961,0.022324277,0.6666666666666666,,,,
40,17,4.6015801429748535,0.5927295684814453,4.008850574493408,0.03571536,0.6666666666666666,,,,
41,23,4.536070346832275,0.5323452949523926,4.003725051879883,0.018592495,0.6666666666666666,,,,
42,18,4.548157215118408,0.5299734473228455,4.018183708190918,0.029360633,0.6666666666666666,,,,
43,29,4.538448810577393,0.5468788146972656,3.991569995880127,0.020980876,0.6666666666666666,,,,
44,48,4.65504264831543,0.659663736820221,3.9953789710998535,0.03363834,0.6666666666666666,,,,
45,16,4.601027488708496,0.611950159072876,3.98907732963562,0.029650012,0.6666666666666666,,,,
46,36,4.579019546508789,0.6022070050239563,3.9768123626708984,0.02709281,0.6666666666666666,,,,
47,28,4.510586261749268,0.5698124766349792,3.9407739639282227,0.037696972,0.6666666666666666,,,,
48,25,4.533329010009766,0.5846458077430725,3.948683261871338,0.029638615,0.6666666666666666,,,,
49,44,4.5083746910095215,0.599288821220398,3.909085988998413,0.04687749,0.4444444444444444,,,,
50,21,4.518049240112305,0.6132550239562988,3.904794216156006,0.0192764,0.4444444444444444,,,,
51,25,4.484726428985596,0.5995044708251953,3.8852219581604004,0.02720188,0.4444444444444444,,,,
52,13,4.456594944000244,0.5974775552749634,3.859117269515991,0.018985257,0.4444444444444444,,,,
53,26,4.389041900634766,0.5573303699493408,3.8317112922668457,0.0245736,0.4444444444444444,,,,
54,19,4.503733158111572,0.64734947681427,3.8563835620880127,0.019777838,0.4444444444444444,,,,
55,29,4.403984546661377,0.5477358102798462,3.856248617172241,0.017344601,0.4444444444444444,,,,
56,29,4.345885276794434,0.5387206077575684,3.807164430618286,0.023105297,0.4444444444444444,,,,
57,40,4.365320205688477,0.5452165007591248,3.820103645324707,0.031062635,0.4444444444444444,,,,
58,37,4.297328472137451,0.5240143537521362,3.7733139991760254,0.026072225,0.4444444444444444,,,,
59,40,4.245893955230713,0.48249784111976624,3.7633962631225586,0.025135506,0.4444444444444444,,,,
60,36,4.3426008224487305,0.576513946056366,3.7660868167877197,0.033861443,0.4444444444444444,,,,
61,37,4.34199333190918,0.5485575199127197,3.793435573577881,0.04300994,0.2962962962962963,,,,
62,17,4.3102498054504395,0.5348225831985474,3.7754273414611816,0.012411138,0.2962962962962963,,,,
63,26,4.292119026184082,0.5258128643035889,3.766306161880493,0.017755404,0.2962962962962963,,,,
64,20,4.268194675445557,0.5089322328567505,3.7592623233795166,0.016451422,0.2962962962962963,,,,
65,35,4.328738212585449,0.561193585395813,3.7675445079803467,0.015124284,0.2962962962962963,,,,
66,17,4.277265548706055,0.5441831946372986,3.7330825328826904,0.015067102,0.2962962962962963,,,,
67,16,4.279726505279541,0.5021376013755798,3.7775890827178955,0.014620274,0.2962962962962963,,,,
68,15,4.276755332946777,0.5255584120750427,3.75119686126709,0.017570749,0.2962962962962963,,,,
69,30,4.276434421539307,0.5379037857055664,3.7385306358337402,0.015162579,0.2962962962962963,,,,
70,23,4.210593223571777,0.517293393611908,3.6932997703552246,0.020330554,0.2962962962962963,,,,
71,13,4.163457870483398,0.4670167565345764,3.696441173553467,0.018677484,0.2962962962962963,,,,
72,9,4.202413082122803,0.4709526300430298,3.7314603328704834,0.012598225,0.2962962962962963,,,,
73,11,4.158483028411865,0.4719691872596741,3.686513662338257,0.015001643,0.2962962962962963,,,,
74,15,4.128217697143555,0.45921382308006287,3.669003963470459,0.01582321,0.2962962962962963,,,,
75,17,4.171082973480225,0.4806176424026489,3.6904654502868652,0.016363055,0.2962962962962963,,,,
76,15,4.124608993530273,0.4870956838130951,3.6375131607055664,0.020184707,0.2962962962962963,,,,
77,19,4.136732578277588,0.457025408744812,3.6797070503234863,0.01402138,0.2962962962962963,,,,
78,15,4.082652568817139,0.43833330273628235,3.6443190574645996,0.016644921,0.2962962962962963,,,,
79,11,4.100703716278076,0.4975515305995941,3.60315203666687,0.015539725,0.2962962962962963,,,,
80,23,4.115804672241211,0.47981351613998413,3.635991096496582,0.017504213,0.2962962962962963,,,,
81,20,4.124707221984863,0.5038058161735535,3.620901584625244,0.016232887,0.2962962962962963,,,,
82,17,4.127573490142822,0.4837084114551544,3.643864870071411,0.019134302,0.2962962962962963,,,,
83,19,4.064011573791504,0.4451451301574707,3.618866205215454,0.015464406,0.2962962962962963,,,,
84,26,4.110490798950195,0.5155579447746277,3.594933032989502,0.022179868,0.2962962962962963,,,,
85,20,4.1782073974609375,0.5487756133079529,3.62943172454834,0.016788954,0.2962962962962963,,,,
86,29,4.1125102043151855,0.5040096044540405,3.6085007190704346,0.016191926,0.2962962962962963,,,,
87,19,4.119256496429443,0.5109291076660156,3.6083273887634277,0.016458519,0.2962962962962963,,,,
88,19,4.106826305389404,0.502806544303894,3.6040198802948,0.015533062,0.2962962962962963,,,,
89,15,4.040507793426514,0.46182024478912354,3.5786876678466797,0.017699435,0.2962962962962963,,,,
90,15,4.054040908813477,0.44488370418548584,3.609157085418701,0.017557085,0.2962962962962963,,,,
91,39,4.022231101989746,0.48480844497680664,3.5374228954315186,0.023825431,0.2962962962962963,,,,
92,19,4.192714214324951,0.5695191621780396,3.623195171356201,0.016206402,0.2962962962962963,,,,
93,25,4.011695384979248,0.491215318441391,3.520479917526245,0.01437886,0.2962962962962963,,,,
94,11,3.9994404315948486,0.46433165669441223,3.535108804702759,0.016191307,0.2962962962962963,,,,
95,9,3.8944687843322754,0.38408660888671875,3.5103821754455566,0.018204074,0.2962962962962963,,,,
96,15,3.9188461303710938,0.43748533725738525,3.481360912322998,0.014175387,0.2962962962962963,,,,
97,18,3.895232677459717,0.39253565669059753,3.502696990966797,0.016410429,0.2962962962962963,,,,
98,17,3.946845293045044,0.4585554301738739,3.4882898330688477,0.010310384,0.2962962962962963,,,,
99,17,3.8571934700012207,0.3987945318222046,3.4583990573883057,0.022205245,0.2962962962962963,,,,
100,15,3.9006552696228027,0.43128013610839844,3.4693751335144043,0.01979579,0.2962962962962963,,,,
101,13,3.859977960586548,0.40580350160598755,3.454174518585205,0.020693645,0.2962962962962963,,,,
102,17,3.7680206298828125,0.3901100158691406,3.377910614013672,0.016611878,0.2962962962962963,,,,
103,15,3.8194847106933594,0.3548815846443176,3.4646031856536865,0.013480715,0.2962962962962963,,,,
104,31,3.8233611583709717,0.376725435256958,3.4466357231140137,0.015755128,0.2962962962962963,,,,
105,19,3.719470500946045,0.3247394263744354,3.394731044769287,0.016799392,0.2962962962962963,,,,
106,15,3.6938059329986572,0.2991674840450287,3.3946385383605957,0.013586106,0.2962962962962963,,,,
107,15,3.7448740005493164,0.3347017765045166,3.4101722240448,0.011125301,0.2962962962962963,,,,
108,21,3.7163026332855225,0.3185441493988037,3.3977584838867188,0.01574288,0.2962962962962963,,,,
109,10,3.7182724475860596,0.3009640872478485,3.4173083305358887,0.013216361,0.2962962962962963,,,,
110,15,3.637948751449585,0.2780883312225342,3.359860420227051,0.01878313,0.2962962962962963,,,,
111,11,3.6603376865386963,0.3082377314567566,3.352099895477295,0.018243525,0.2962962962962963,,,,
112,17,3.650426149368286,0.31534987688064575,3.335076332092285,0.019170823,0.2962962962962963,,,,
113,27,3.674975633621216,0.3102719187736511,3.36470365524292,0.0129211545,0.2962962962962963,,,,
114,15,3.6416263580322266,0.3065873980522156,3.335038900375366,0.020613894,0.2962962962962963,,,,
115,13,3.599130868911743,0.35068389773368835,3.2484469413757324,0.014999358,0.2962962962962963,,,,
116,15,3.5198354721069336,0.25733596086502075,3.2624995708465576,0.024450077,0.2962962962962963,,,,
117,11,3.6014797687530518,0.28334784507751465,3.318131923675537,0.011602451,0.2962962962962963,,,,
118,19,3.5491302013397217,0.26637324690818787,3.282757043838501,0.01608514,0.2962962962962963,,,,
119,9,3.562189817428589,0.23245681822299957,3.329732894897461,0.016200483,0.2962962962962963,,,,
120,9,3.5519542694091797,0.27167457342147827,3.2802796363830566,0.014379593,0.2962962962962963,,,,
121,13,3.536578416824341,0.2138901650905609,3.322688341140747,0.01650669,0.2962962962962963,,,,
122,11,3.4432857036590576,0.2012328803539276,3.2420527935028076,0.017212823,0.2962962962962963,,,,
123,9,3.4404845237731934,0.24092769622802734,3.199556827545166,0.016010787,0.2962962962962963,,,,
124,29,3.5105278491973877,0.25217658281326294,3.2583513259887695,0.018963922,0.2962962962962963,,,,
125,13,3.494992971420288,0.19329598546028137,3.301697015762329,0.016754605,0.2962962962962963,,,,
126,23,3.472141742706299,0.21508926153182983,3.257052421569824,0.01429793,0.2962962962962963,,,,
127,31,3.423696517944336,0.20888157188892365,3.2148149013519287,0.021459023,0.2962962962962963,,,,
128,21,3.520592451095581,0.2496422976255417,3.2709500789642334,0.025680268,0.2962962962962963,,,,
129,21,3.436020612716675,0.24610963463783264,3.189910888671875,0.028730286,0.2962962962962963,,,,
130,10,3.50223970413208,0.23606741428375244,3.266172409057617,0.015987538,0.2962962962962963,,,,
131,14,3.4144880771636963,0.2898457646369934,3.1246423721313477,0.01722136,0.2962962962962963,,,,
132,17,3.4155490398406982,0.2808499336242676,3.1346991062164307,0.017174203,0.2962962962962963,,,,
133,19,3.389310836791992,0.22226504981517792,3.167045831680298,0.019728187,0.2962962962962963,,,,
134,9,3.3355391025543213,0.2486032396554947,3.0869357585906982,0.015262096,0.2962962962962963,,,,
135,11,3.308729887008667,0.23226338624954224,3.0764665603637695,0.015961437,0.2962962962962963,,,,
136,23,3.335225820541382,0.1972951889038086,3.1379306316375732,0.021925371,0.2962962962962963,,,,
137,11,3.2262625694274902,0.18490999937057495,3.0413525104522705,0.012011445,0.2962962962962963,,,,
138,11,3.304543972015381,0.220328688621521,3.0842151641845703,0.011173692,0.2962962962962963,,,,
139,11,3.218126058578491,0.18624494969844818,3.031881093978882,0.020489063,0.2962962962962963,,,,
140,9,3.252474308013916,0.18028536438941956,3.0721888542175293,0.014256538,0.2962962962962963,,,,
141,9,3.221823215484619,0.17578265070915222,3.0460405349731445,0.013718987,0.2962962962962963,,,,
142,11,3.260826587677002,0.18206475675106049,3.0787618160247803,0.010112744,0.2962962962962963,,,,
143,46,3.3540968894958496,0.30982714891433716,3.0442698001861572,0.015718132,0.2962962962962963,,,,
144,15,3.226501941680908,0.34546419978141785,2.881037712097168,0.023227837,0.2962962962962963,,,,
145,38,3.411803722381592,0.3605608642101288,3.0512428283691406,0.016088601,0.2962962962962963,,,,
146,19,3.364701271057129,0.3259875178337097,3.0387136936187744,0.021516053,0.2962962962962963,,,,
147,15,3.2656021118164062,0.24738380312919617,3.0182182788848877,0.016915021,0.2962962962962963,,,,
148,22,3.3137612342834473,0.2628512382507324,3.050909996032715,0.024931498,0.2962962962962963,,,,
149,17,3.338482618331909,0.3363913595676422,3.0020911693573,0.029116616,0.2962962962962963,,,,
150,19,3.294610023498535,0.26899251341819763,3.0256175994873047,0.030494839,0.2962962962962963,,,,
151,15,3.199843406677246,0.2575302720069885,2.9423131942749023,0.022564432,0.2962962962962963,,,,
152,18,3.313356399536133,0.31517016887664795,2.9981861114501953,0.020655,0.2962962962962963,,,,
153,16,3.24979305267334,0.30314433574676514,2.9466488361358643,0.02515003,0.2962962962962963,,,,
154,11,3.256255865097046,0.3346239924430847,2.9216318130493164,0.02617341,0.2962962962962963,,,,
155,17,3.263274908065796,0.32224687933921814,2.941028118133545,0.020370651,0.2962962962962963,,,,
156,15,3.169872999191284,0.3189696669578552,2.850903272628784,0.028353937,0.2962962962962963,,,,
157,13,3.1529927253723145,0.22606155276298523,2.926931142807007,0.020610899,0.2962962962962963,,,,
158,23,3.231863021850586,0.2868282198905945,2.9450347423553467,0.019578066,0.2962962962962963,,,,
159,11,3.1346945762634277,0.2318340241909027,2.902860641479492,0.019814879,0.2962962962962963,,,,
160,13,3.21799898147583,0.24704968929290771,2.970949172973633,0.020073138,0.2962962962962963,,,,
161,14,3.0982916355133057,0.2574899196624756,2.84080171585083,0.023799296,0.2962962962962963,,,,
162,14,3.0720901489257812,0.2568836808204651,2.815206527709961,0.019134665,0.2962962962962963,,,,
163,15,3.0527467727661133,0.31614017486572266,2.7366065979003906,0.020336736,0.2962962962962963,,,,
164,17,3.1789820194244385,0.28071385622024536,2.898268222808838,0.01665768,0.2962962962962963,,,,
165,14,3.13199520111084,0.2775994539260864,2.854395627975464,0.019910872,0.2962962962962963,,,,
166,13,3.047513008117676,0.25014063715934753,2.797372341156006,0.021248674,0.2962962962962963,,,,
167,13,3.128908634185791,0.2509610950946808,2.8779475688934326,0.022639297,0.2962962962962963,,,,
168,19,3.0443835258483887,0.20187264680862427,2.842510938644409,0.02302565,0.2962962962962963,,,,
169,13,3.1176517009735107,0.22468575835227966,2.8929660320281982,0.018559992,0.2962962962962963,,,,
170,15,3.1040995121002197,0.24459819495677948,2.859501361846924,0.015791852,0.2962962962962963,,,,
171,9,3.104593515396118,0.277969628572464,2.8266239166259766,0.013609562,0.2962962962962963,,,,
172,17,2.9688241481781006,0.2675023078918457,2.701321840286255,0.022655092,0.2962962962962963,,,,
173,19,3.048569440841675,0.23509295284748077,2.8134765625,0.01664406,0.2962962962962963,,,,
174,9,2.9633450508117676,0.21070075035095215,2.7526443004608154,0.025325384,0.2962962962962963,,,,
175,13,3.052377700805664,0.22618547081947327,2.8261921405792236,0.018041022,0.2962962962962963,,,,
176,13,3.0892181396484375,0.22683373093605042,2.86238431930542,0.016183687,0.2962962962962963,,,,
177,9,3.0370614528656006,0.23067793250083923,2.8063836097717285,0.011596989,0.2962962962962963,,,,
178,17,2.895259141921997,0.2645833492279053,2.630675792694092,0.018071279,0.2962962962962963,,,,
179,13,2.9941389560699463,0.23933959007263184,2.7547993659973145,0.028487418,0.2962962962962963,,,,
180,9,3.0160751342773438,0.2697141170501709,2.746361017227173,0.01804078,0.2962962962962963,,,,
181,11,2.978161334991455,0.19375231862068176,2.7844090461730957,0.018128242,0.2962962962962963,,,,
182,21,2.9651756286621094,0.2457689493894577,2.7194066047668457,0.017586293,0.2962962962962963,,,,
183,11,2.981674909591675,0.26700782775878906,2.7146670818328857,0.014949842,0.2962962962962963,,,,
184,11,2.9287643432617188,0.20179417729377747,2.7269701957702637,0.016616527,0.2962962962962963,,,,
185,13,2.891461133956909,0.2198837250471115,2.6715774536132812,0.018694261,0.2962962962962963,,,,
186,21,2.8931312561035156,0.23730261623859406,2.6558287143707275,0.022702739,0.2962962962962963,,,,
187,15,2.873612642288208,0.16666091978549957,2.70695161819458,0.021335002,0.2962962962962963,,,,
188,19,3.0026373863220215,0.2628169655799866,2.7398204803466797,0.019544156,0.2962962962962963,,,,
189,9,2.8532190322875977,0.2149895429611206,2.6382293701171875,0.016036993,0.2962962962962963,,,,
190,17,2.9354639053344727,0.22887980937957764,2.7065839767456055,0.023015726,0.2962962962962963,,,,
191,13,2.8416309356689453,0.1808868646621704,2.6607441902160645,0.018132184,0.2962962962962963,,,,
192,10,3.0033249855041504,0.3115754723548889,2.6917495727539062,0.017295845,0.2962962962962963,,,,
193,9,2.900618076324463,0.216635063290596,2.683983087539673,0.017729498,0.2962962962962963,,,,
194,11,2.9040725231170654,0.24366550147533417,2.660407066345215,0.011308001,0.2962962962962963,,,,
195,15,2.8607192039489746,0.24916523694992065,2.611553907394409,0.014354523,0.2962962962962963,,,,
196,9,2.9056973457336426,0.25170210003852844,2.6539952754974365,0.019283678,0.2962962962962963,,,,
197,17,2.8901562690734863,0.2456146478652954,2.6445417404174805,0.028390665,0.2962962962962963,,,,
198,9,2.784883975982666,0.22615890204906464,2.558725118637085,0.014832323,0.2962962962962963,,,,
199,9,2.925595283508301,0.24451296031475067,2.681082248687744,0.020352669,0.2962962962962963,,,,
200,17,2.71091365814209,0.15676699578762054,2.5541467666625977,0.014898606,0.2962962962962963,0.5,5,5,0
201,9,2.792705535888672,0.2284517139196396,2.564253807067871,0.016773673,0.2962962962962963,,,,
202,13,2.844276189804077,0.23790207505226135,2.6063740253448486,0.020951673,0.2962962962962963,,,,
203,43,2.927212715148926,0.20524202287197113,2.721970796585083,0.019015914,0.2962962962962963,,,,
204,19,2.820444107055664,0.23442122340202332,2.5860228538513184,0.030254122,0.2962962962962963,,,,
205,48,2.9487762451171875,0.3573092520236969,2.5914669036865234,0.032692216,0.2962962962962963,,,,
206,27,3.0708959102630615,0.4094787538051605,2.661417245864868,0.032254256,0.2962962962962963,,,,
207,11,2.9272735118865967,0.3241787850856781,2.6030948162078857,0.020690631,0.2962962962962963,,,,
208,12,2.900921106338501,0.3948507606983185,2.506070375442505,0.027650375,0.2962962962962963,,,,
209,9,2.8216047286987305,0.3033859431743622,2.518218755722046,0.027043836,0.2962962962962963,,,,
210,11,2.8772778511047363,0.2977201044559479,2.5795576572418213,0.017672753,0.2962962962962963,,,,
211,15,2.875765562057495,0.2856128215789795,2.5901527404785156,0.021872293,0.2962962962962963,,,,
212,21,2.8403537273406982,0.27915963530540466,2.5611941814422607,0.025876299,0.2962962962962963,,,,
213,11,2.9542012214660645,0.2821691334247589,2.672032117843628,0.020174816,0.2962962962962963,,,,
214,17,2.8512487411499023,0.2691671848297119,2.5820815563201904,0.018438507,0.2962962962962963,,,,
215,11,2.926095962524414,0.33915627002716064,2.586939811706543,0.022686958,0.2962962962962963,,,,
216,43,2.9429709911346436,0.28328633308410645,2.659684658050537,0.043837126,0.19753086419753085,,,,
217,19,2.889350414276123,0.2870946228504181,2.6022558212280273,0.022794105,0.19753086419753085,,,,
218,9,2.8422646522521973,0.2946021854877472,2.5476624965667725,0.023512647,0.19753086419753085,,,,
219,11,2.8085553646087646,0.2818808853626251,2.526674509048462,0.02015742,0.19753086419753085,,,,
220,11,2.9155638217926025,0.31000393629074097,2.605559825897217,0.016485367,0.19753086419753085,,,,
221,15,2.8087668418884277,0.3036518692970276,2.505115032196045,0.014458462,0.19753086419753085,,,,
222,18,2.8774428367614746,0.31791603565216064,2.5595269203186035,0.013406485,0.19753086419753085,,,,
223,13,2.7813832759857178,0.2466985583305359,2.534684658050537,0.015001032,0.19753086419753085,,,,
224,23,2.769629955291748,0.2115427851676941,2.558087110519409,0.0149205085,0.19753086419753085,,,,
225,15,2.8311514854431152,0.32270801067352295,2.5084433555603027,0.014660476,0.19753086419753085,,,,
226,15,2.801326036453247,0.28490668535232544,2.5164194107055664,0.016794566,0.19753086419753085,,,,
227,11,2.940416097640991,0.30193719267845154,2.638478994369507,0.01622162,0.19753086419753085,,,,
228,13,2.7988767623901367,0.3222423493862152,2.4766345024108887,0.013225121,0.19753086419753085,,,,
229,23,2.757042646408081,0.24965454638004303,2.507388114929199,0.013930884,0.19753086419753085,,,,
230,9,2.6969690322875977,0.20605099201202393,2.4909181594848633,0.008215034,0.2962962962962963,,,,
231,9,2.7034249305725098,0.177114799618721,2.5263102054595947,0.025094628,0.2962962962962963,,,,
232,9,2.659499406814575,0.2326682060956955,2.4268312454223633,0.033128027,0.2962962962962963,,,,
233,9,2.7238659858703613,0.215410053730011,2.508455991744995,0.038507767,0.2962962962962963,,,,
234,11,2.741615056991577,0.18882040679454803,2.5527946949005127,0.026545309,0.2962962962962963,,,,
235,17,2.698728561401367,0.20121414959430695,2.497514486312866,0.025542581,0.2962962962962963,,,,
236,11,2.754152774810791,0.2348327934741974,2.519320011138916,0.031786177,0.2962962962962963,,,,
237,14,2.744318723678589,0.2249334752559662,2.51938533782959,0.026136272,0.2962962962962963,,,,
238,11,2.7077395915985107,0.23650436103343964,2.4712352752685547,0.03025879,0.2962962962962963,,,,
239,17,2.735041379928589,0.22986088693141937,2.505180597305298,0.0219349,0.2962962962962963,,,,
240,19,2.6718382835388184,0.24204805493354797,2.4297902584075928,0.022364471,0.2962962962962963,,,,
241,17,2.587045192718506,0.18676941096782684,2.400275707244873,0.026696093,0.2962962962962963,,,,
242,13,2.550158977508545,0.19918154180049896,2.3509774208068848,0.023094907,0.2962962962962963,,,,
243,57,2.6605985164642334,0.13121746480464935,2.529381036758423,0.015143255,0.2962962962962963,,,,
244,13,2.4539122581481934,0.1160932257771492,2.3378190994262695,0.032437515,0.2962962962962963,,,,
245,16,2.689257860183716,0.20397768914699554,2.4852802753448486,0.023265291,0.2962962962962963,,,,
246,11,2.745239496231079,0.2184765636920929,2.5267629623413086,0.025302647,0.2962962962962963,,,,
247,13,2.646397829055786,0.16319593787193298,2.4832019805908203,0.023364685,0.2962962962962963,,,,
248,17,2.712785005569458,0.18113914132118225,2.5316457748413086,0.024777722,0.2962962962962963,,,,
249,15,2.6437642574310303,0.16768845915794373,2.4760758876800537,0.03585428,0.2962962962962963,,,,
250,13,2.6418614387512207,0.22173023223876953,2.420131206512451,0.02247917,0.2962962962962963,,,,
251,21,2.6505041122436523,0.19544407725334167,2.4550600051879883,0.036886778,0.2962962962962963,,,,
252,15,2.724921226501465,0.2061224728822708,2.518798828125,0.021925636,0.2962962962962963,,,,
253,11,2.6719415187835693,0.2183392494916916,2.4536023139953613,0.026785575,0.2962962962962963,,,,
254,9,2.620723247528076,0.13584432005882263,2.4848790168762207,0.026302798,0.2962962962962963,,,,
255,14,2.6494250297546387,0.223036989569664,2.4263880252838135,0.025745459,0.2962962962962963,,,,
256,13,2.498300790786743,0.21226876974105835,2.28603196144104,0.031217508,0.2962962962962963,,,,
257,11,2.6080760955810547,0.2232620120048523,2.3848140239715576,0.033909522,0.2962962962962963,,,,
258,9,2.6682093143463135,0.19460001587867737,2.473609209060669,0.03313425,0.2962962962962963,,,,
259,16,2.777210235595703,0.25921210646629333,2.517998218536377,0.01888587,0.2962962962962963,,,,
260,15,2.570992946624756,0.21884050965309143,2.3521523475646973,0.0298753,0.2962962962962963,,,,
261,33,2.62795090675354,0.21178647875785828,2.4161643981933594,0.0458388,0.19753086419753085,,,,
262,13,2.588005304336548,0.19906561076641083,2.388939619064331,0.01902582,0.19753086419753085,,,,
263,11,2.5703508853912354,0.21925000846385956,2.3511009216308594,0.023253387,0.19753086419753085,,,,
264,19,2.6271212100982666,0.18332438170909882,2.4437968730926514,0.021267153,0.19753086419753085,,,,
265,11,2.7264726161956787,0.27747470140457153,2.448997974395752,0.026416298,0.19753086419753085,,,,
266,9,2.6236953735351562,0.1897502988576889,2.4339451789855957,0.018764816,0.19753086419753085,,,,
267,12,2.6229465007781982,0.2197963297367096,2.4031500816345215,0.01725914,0.19753086419753085,,,,
268,20,2.6566505432128906,0.2914493680000305,2.365201234817505,0.020490125,0.19753086419753085,,,,
269,15,2.609882354736328,0.25855502486228943,2.351327419281006,0.021206059,0.19753086419753085,,,,
270,18,2.698889970779419,0.3163307011127472,2.382559299468994,0.018227767,0.19753086419753085,,,,
271,10,2.6438584327697754,0.2565234899520874,2.3873348236083984,0.019560909,0.19753086419753085,,,,
272,16,2.773214817047119,0.32176631689071655,2.451448440551758,0.015828446,0.19753086419753085,,,,
273,13,2.73388671875,0.3187742829322815,2.4151124954223633,0.017401583,0.19753086419753085,,,,
274,14,2.739420175552368,0.22586914896965027,2.5135509967803955,0.012975365,0.19753086419753085,,,,
275,12,2.749019145965576,0.34725096821784973,2.401768207550049,0.016068565,0.19753086419753085,,,,
276,11,2.7130751609802246,0.32190850377082825,2.3911666870117188,0.0174086,0.19753086419753085,,,,
277,10,2.729825735092163,0.34756216406822205,2.382263660430908,0.024962151,0.19753086419753085,,,,
278,19,2.7687530517578125,0.3078412115573883,2.460911750793457,0.0237156,0.19753086419753085,,,,
279,18,2.7723820209503174,0.3750830590724945,2.39729905128479,0.021105137,0.19753086419753085,,,,
280,13,2.669999361038208,0.3098527491092682,2.3601465225219727,0.01311475,0.19753086419753085,,,,
281,24,2.752319097518921,0.42293453216552734,2.3293845653533936,0.018351607,0.19753086419753085,,,,
282,24,2.5822041034698486,0.30105313658714294,2.281151056289673,0.017922102,0.19753086419753085,,,,
283,23,2.6703341007232666,0.2957023084163666,2.374631881713867,0.022637784,0.19753086419753085,,,,
284,17,2.6671509742736816,0.3420320153236389,2.3251190185546875,0.019079078,0.19753086419753085,,,,
285,9,2.7061848640441895,0.3565031588077545,2.3496816158294678,0.02010589,0.19753086419753085,,,,
286,13,2.700713872909546,0.3487134277820587,2.3520004749298096,0.026038172,0.19753086419753085,,,,
287,32,2.6370646953582764,0.3750292956829071,2.262035369873047,0.020189835,0.19753086419753085,,,,
288,15,2.714594841003418,0.369196355342865,2.345398426055908,0.019920435,0.19753086419753085,,,,
289,12,2.7280797958374023,0.4337020814418793,2.2943778038024902,0.021747991,0.19753086419753085,,,,
290,15,2.654644727706909,0.38320520520210266,2.271439552307129,0.012599332,0.19753086419753085,,,,
291,9,2.740278959274292,0.38651198148727417,2.353766918182373,0.017622214,0.19753086419753085,,,,
292,15,2.7471671104431152,0.4410266578197479,2.306140422821045,0.01700223,0.19753086419753085,,,,
293,33,2.666299343109131,0.3812218904495239,2.2850775718688965,0.023094676,0.19753086419753085,,,,
294,10,2.659681558609009,0.3803391754627228,2.2793424129486084,0.0177721,0.19753086419753085,,,,
295,20,2.6943156719207764,0.3870338797569275,2.307281732559204,0.01748699,0.19753086419753085,,,,
296,20,2.699671506881714,0.412623792886734,2.2870476245880127,0.020824732,0.19753086419753085,,,,
297,14,2.7296664714813232,0.42667827010154724,2.302988290786743,0.01357034,0.19753086419753085,,,,
298,24,2.7513203620910645,0.3980650007724762,2.353255271911621,0.023992939,0.19753086419753085,,,,
299,18,2.762103796005249,0.47594350576400757,2.2861602306365967,0.01676581,0.19753086419753085,,,,
300,9,2.6765875816345215,0.40176475048065186,2.27482271194458,0.0151192825,0.19753086419753085,,,,
301,12,2.6874566078186035,0.40008413791656494,2.287372350692749,0.023127273,0.19753086419753085,,,,
302,15,2.7301909923553467,0.4470071494579315,2.2831838130950928,0.011268225,0.19753086419753085,,,,
303,11,2.6703362464904785,0.4182211756706238,2.25211501121521,0.017114364,0.19753086419753085,,,,
304,9,2.694499969482422,0.36947715282440186,2.3250226974487305,0.017329954,0.19753086419753085,,,,
305,14,2.6931421756744385,0.40556713938713074,2.2875750064849854,0.019758917,0.19753086419753085,,,,
306,15,2.6538665294647217,0.37781617045402527,2.276050329208374,0.012434824,0.19753086419753085,,,,
307,28,2.764647960662842,0.493286669254303,2.2713613510131836,0.022042908,0.19753086419753085,,,,
308,11,2.643673896789551,0.36601924896240234,2.2776546478271484,0.010016782,0.19753086419753085,,,,
309,9,2.774780511856079,0.43719983100891113,2.337580680847168,0.02295004,0.19753086419753085,,,,
310,16,2.704289197921753,0.3919152617454529,2.3123738765716553,0.013173718,0.19753086419753085,,,,
311,15,2.600862979888916,0.3752948045730591,2.2255682945251465,0.018493237,0.19753086419753085,,,,
312,11,2.621396541595459,0.3965564966201782,2.224839925765991,0.021760006,0.19753086419753085,,,,
313,11,2.5093283653259277,0.3751829266548157,2.134145498275757,0.017986473,0.19753086419753085,,,,
314,13,2.6531312465667725,0.42045992612838745,2.2326712608337402,0.013757436,0.19753086419753085,,,,
315,22,2.6426634788513184,0.35068774223327637,2.291975736618042,0.014564265,0.19753086419753085,,,,
316,19,2.676301956176758,0.39108455181121826,2.285217523574829,0.009114377,0.2962962962962963,,,,
317,13,2.691584348678589,0.36536285281181335,2.326221466064453,0.015701361,0.2962962962962963,,,,
318,9,2.6603188514709473,0.37465229630470276,2.2856664657592773,0.02465232,0.2962962962962963,,,,
319,15,2.461142063140869,0.38912349939346313,2.072018623352051,0.024507768,0.2962962962962963,,,,
320,13,2.6274983882904053,0.38123488426208496,2.2462635040283203,0.040123843,0.19753086419753085,,,,
321,15,2.597487449645996,0.3678649067878723,2.2296226024627686,0.024613932,0.19753086419753085,,,,
322,9,2.521899938583374,0.2836047112941742,2.238295316696167,0.020684734,0.19753086419753085,,,,
323,35,2.6686501502990723,0.4409690201282501,2.2276811599731445,0.017466206,0.19753086419753085,,,,
324,10,2.7516486644744873,0.39958277344703674,2.3520658016204834,0.023806602,0.19753086419753085,,,,
325,13,2.658731698989868,0.4292278587818146,2.229503870010376,0.013114999,0.19753086419753085,,,,
326,13,2.6593568325042725,0.45913195610046387,2.2002248764038086,0.02095001,0.19753086419753085,,,,
327,9,2.620067834854126,0.468330442905426,2.1517374515533447,0.019072771,0.19753086419753085,,,,
328,13,2.682577610015869,0.4350458085536957,2.2475318908691406,0.01766918,0.19753086419753085,,,,
329,15,2.6565628051757812,0.4567769169807434,2.1997859477996826,0.012683735,0.19753086419753085,,,,
330,9,2.733485221862793,0.48345136642456055,2.2500338554382324,0.014505782,0.19753086419753085,,,,
331,14,2.6158447265625,0.4010482430458069,2.214796543121338,0.018047847,0.19753086419753085,,,,
332,14,2.683642625808716,0.4591410160064697,2.224501609802246,0.00924134,0.2962962962962963,,,,
333,13,2.654500722885132,0.4304056167602539,2.224095106124878,0.021638084,0.2962962962962963,,,,
334,26,2.615063428878784,0.43718627095222473,2.177877187728882,0.035739772,0.2962962962962963,,,,
335,28,2.6543939113616943,0.4657387137413025,2.188655138015747,0.03693065,0.2962962962962963,,,,
336,14,2.607042074203491,0.45082491636276245,2.156217098236084,0.030509688,0.2962962962962963,,,,
337,17,2.637247323989868,0.376909464597702,2.2603378295898438,0.035352185,0.2962962962962963,,,,
338,15,2.7160816192626953,0.4897109866142273,2.2263705730438232,0.028000768,0.2962962962962963,,,,
339,12,2.6953954696655273,0.4700375199317932,2.225358009338379,0.028701507,0.2962962962962963,,,,
340,14,2.7334721088409424,0.4532148241996765,2.280257225036621,0.038915586,0.2962962962962963,,,,
341,15,2.645681142807007,0.44187912344932556,2.2038021087646484,0.038809974,0.2962962962962963,,,,
342,11,2.6190245151519775,0.4565351903438568,2.162489414215088,0.030022241,0.2962962962962963,,,,
343,17,2.552809476852417,0.39778128266334534,2.1550281047821045,0.02238182,0.2962962962962963,,,,
344,29,2.635934829711914,0.44614970684051514,2.1897850036621094,0.036432944,0.2962962962962963,,,,
345,11,2.6005239486694336,0.4564368724822998,2.144087076187134,0.020935584,0.2962962962962963,,,,
346,13,2.5585250854492188,0.38880908489227295,2.1697158813476562,0.022185765,0.2962962962962963,,,,
347,11,2.6276497840881348,0.4207519292831421,2.206897735595703,0.0217756,0.2962962962962963,,,,
348,29,2.6637823581695557,0.5189221501350403,2.14486026763916,0.029956026,0.2962962962962963,,,,
349,26,2.569369316101074,0.3317188620567322,2.2376503944396973,0.029750526,0.2962962962962963,,,,
350,21,2.699268102645874,0.4309857189655304,2.268282413482666,0.03958844,0.2962962962962963,,,,
351,11,2.587583541870117,0.3493240177631378,2.2382595539093018,0.040069584,0.19753086419753085,,,,
352,11,2.607851505279541,0.4277991056442261,2.1800522804260254,0.015780149,0.19753086419753085,,,,
353,13,2.595867156982422,0.39351019263267517,2.202357053756714,0.016550876,0.19753086419753085,,,,
354,30,2.517056465148926,0.44036543369293213,2.076691150665283,0.016581774,0.19753086419753085,,,,
355,14,2.5948879718780518,0.4006698727607727,2.194218158721924,0.017473057,0.19753086419753085,,,,
356,20,2.564730405807495,0.4021853804588318,2.1625449657440186,0.015118398,0.19753086419753085,,,,
357,21,2.467966079711914,0.37116262316703796,2.0968034267425537,0.01515154,0.19753086419753085,,,,
358,9,2.6311590671539307,0.3883677124977112,2.2427914142608643,0.016560504,0.19753086419753085,,,,
359,25,2.6879594326019287,0.429371178150177,2.2585883140563965,0.01680984,0.19753086419753085,,,,
360,9,2.6286780834198,0.35515323281288147,2.273524761199951,0.018112497,0.19753086419753085,,,,
361,13,2.5747170448303223,0.4417954385280609,2.1329216957092285,0.018212091,0.19753086419753085,,,,
362,14,2.6117889881134033,0.43790367245674133,2.1738853454589844,0.015543629,0.19753086419753085,,,,
363,9,2.5144553184509277,0.3529587984085083,2.161496639251709,0.01754932,0.19753086419753085,,,,
364,15,2.432241678237915,0.3322705626487732,2.099971055984497,0.0146137625,0.19753086419753085,,,,
365,19,2.4476308822631836,0.34766632318496704,2.0999646186828613,0.01693037,0.19753086419753085,,,,
366,13,2.5882532596588135,0.37309765815734863,2.215155601501465,0.019692043,0.19753086419753085,,,,
367,39,2.604391574859619,0.36690887808799744,2.237482786178589,0.021877639,0.19753086419753085,,,,
368,13,2.546696662902832,0.3266300559043884,2.220066547393799,0.019589037,0.19753086419753085,,,,
369,13,2.563749074935913,0.3346650302410126,2.229084014892578,0.018237568,0.19753086419753085,,,,
370,16,2.5022966861724854,0.3344753384590149,2.1678214073181152,0.020690575,0.19753086419753085,,,,
371,11,2.54778790473938,0.35795798897743225,2.1898298263549805,0.019451018,0.19753086419753085,,,,
372,15,2.5539653301239014,0.3756939768791199,2.1782712936401367,0.020557579,0.19753086419753085,,,,
373,14,2.5663466453552246,0.35563337802886963,2.2107133865356445,0.016644755,0.19753086419753085,,,,
374,15,2.47689151763916,0.34656453132629395,2.130326986312866,0.016266726,0.19753086419753085,,,,
375,13,2.394279956817627,0.30821946263313293,2.0860605239868164,0.013398703,0.19753086419753085,,,,
376,22,2.591548204421997,0.32369884848594666,2.2678494453430176,0.017892605,0.19753086419753085,,,,
377,11,2.4034781455993652,0.28764110803604126,2.1158370971679688,0.020769604,0.19753086419753085,,,,
378,12,2.4350554943084717,0.29349184036254883,2.141563653945923,0.01685306,0.19753086419753085,,,,
379,15,2.367361068725586,0.25144654512405396,2.1159145832061768,0.02089847,0.19753086419753085,,,,
380,11,2.486685276031494,0.3323875069618225,2.1542978286743164,0.015790056,0.19753086419753085,,,,
381,15,2.547262191772461,0.2882305979728699,2.2590315341949463,0.014131671,0.19753086419753085,,,,
382,18,2.3893306255340576,0.2392042577266693,2.1501264572143555,0.016494015,0.19753086419753085,,,,
383,9,2.397411823272705,0.304503858089447,2.0929079055786133,0.017358873,0.19753086419753085,,,,
384,11,2.388176441192627,0.2833494544029236,2.1048269271850586,0.0086643025,0.2962962962962963,,,,
385,11,2.387794256210327,0.2544155418872833,2.133378744125366,0.028847106,0.2962962962962963,,,,
386,10,2.3691744804382324,0.2512044310569763,2.1179699897766113,0.02563532,0.2962962962962963,,,,
387,11,2.4568262100219727,0.26615703105926514,2.190669059753418,0.024310088,0.2962962962962963,,,,
388,9,2.281632661819458,0.2268160879611969,2.054816484451294,0.023660475,0.2962962962962963,,,,
389,13,2.4014596939086914,0.2095516175031662,2.191908121109009,0.03052248,0.2962962962962963,,,,
390,30,2.388812303543091,0.26811209321022034,2.1207001209259033,0.023974707,0.2962962962962963,,,,
391,28,2.3724186420440674,0.23397551476955414,2.1384432315826416,0.020683087,0.2962962962962963,,,,
392,10,2.4872894287109375,0.32001543045043945,2.167273998260498,0.022370286,0.2962962962962963,,,,
393,34,2.3962197303771973,0.2370322048664093,2.1591875553131104,0.03223393,0.2962962962962963,,,,
394,26,2.356783151626587,0.23980464041233063,2.116978406906128,0.042127937,0.19753086419753085,,,,
395,9,2.5242419242858887,0.23946626484394073,2.284775733947754,0.021872792,0.19753086419753085,,,,
396,11,2.4948675632476807,0.23971351981163025,2.2551541328430176,0.026234873,0.19753086419753085,,,,
397,26,2.427940607070923,0.28509801626205444,2.1428425312042236,0.018957911,0.19753086419753085,,,,
398,16,2.5160913467407227,0.35294413566589355,2.163147211074829,0.024044234,0.19753086419753085,,,,
399,15,2.5370054244995117,0.31886014342308044,2.2181453704833984,0.021488715,0.19753086419753085,,,,
400,11,2.5989327430725098,0.36968910694122314,2.229243516921997,0.026195118,0.19753086419753085,0.9,9,1,0
401,18,2.551027536392212,0.36057600378990173,2.1904516220092773,0.024317881,0.19753086419753085,,,,
402,15,2.4707400798797607,0.29997706413269043,2.1707630157470703,0.02383167,0.19753086419753085,,,,
403,20,2.5636961460113525,0.3297421336174011,2.2339539527893066,0.026417049,0.19753086419753085,,,,
404,18,2.518012523651123,0.40615314245224,2.1118593215942383,0.017813487,0.19753086419753085,,,,
405,34,2.547884941101074,0.33985793590545654,2.208026885986328,0.026246466,0.19753086419753085,,,,
406,15,2.558053970336914,0.3204478323459625,2.2376060485839844,0.028438423,0.19753086419753085,,,,
407,21,2.578261375427246,0.32154548168182373,2.256715774536133,0.02421955,0.19753086419753085,,,,
408,12,2.424262762069702,0.2840496003627777,2.1402132511138916,0.026475154,0.19753086419753085,,,,
409,10,2.5390381813049316,0.34562087059020996,2.1934173107147217,0.030606536,0.19753086419753085,,,,
410,10,2.5981838703155518,0.32205909490585327,2.2761247158050537,0.037882067,0.19753086419753085,,,,
411,16,2.574974775314331,0.3895350396633148,2.1854398250579834,0.014378626,0.19753086419753085,,,,
412,18,2.523388147354126,0.3458762764930725,2.1775119304656982,0.036951188,0.19753086419753085,,,,
413,38,2.641206741333008,0.3825417757034302,2.258665084838867,0.024948923,0.19753086419753085,,,,
414,10,2.5858702659606934,0.35279110074043274,2.233079195022583,0.017323382,0.19753086419753085,,,,
415,16,2.4958009719848633,0.35725492238998413,2.1385459899902344,0.022967806,0.19753086419753085,,,,
416,26,2.5770511627197266,0.3850020170211792,2.192049264907837,0.024697173,0.19753086419753085,,,,
417,11,2.5211727619171143,0.31140750646591187,2.2097651958465576,0.030771133,0.19753086419753085,,,,
418,38,2.5422096252441406,0.36703529953956604,2.1751742362976074,0.021963473,0.19753086419753085,,,,
419,12,2.6054930686950684,0.3633542060852051,2.2421388626098633,0.018653125,0.19753086419753085,,,,
420,29,2.6514759063720703,0.4065413773059845,2.244934558868408,0.023605142,0.19753086419753085,,,,
421,21,2.686903953552246,0.43758416175842285,2.2493197917938232,0.022300504,0.19753086419753085,,,,
422,13,2.6008455753326416,0.4057949483394623,2.1950507164001465,0.026954599,0.19753086419753085,,,,
423,43,2.7046806812286377,0.49771547317504883,2.206965208053589,0.024641566,0.19753086419753085,,,,
424,10,2.756392240524292,0.49129748344421387,2.265094757080078,0.029489294,0.19753086419753085,,,,
425,26,2.73184871673584,0.5415350198745728,2.1903138160705566,0.032374207,0.19753086419753085,,,,
426,19,2.793302059173584,0.6061838269233704,2.1871182918548584,0.037827626,0.19753086419753085,,,,
427,14,2.781247615814209,0.5465105175971985,2.2347371578216553,0.032173723,0.19753086419753085,,,,
428,23,2.8485331535339355,0.6378828287124634,2.2106504440307617,0.035025522,0.19753086419753085,,,,
429,26,3.021763324737549,0.7079108953475952,2.313852548599243,0.02995668,0.19753086419753085,,,,
430,28,2.886270046234131,0.6493839621543884,2.2368860244750977,0.02577628,0.19753086419753085,,,,
431,16,2.924689769744873,0.6575919389724731,2.2670979499816895,0.031728424,0.19753086419753085,,,,
432,9,2.773911476135254,0.5747469663619995,2.199164390563965,0.031072428,0.19753086419753085,,,,
433,18,2.8610570430755615,0.5511679649353027,2.309889078140259,0.028664205,0.19753086419753085,,,,
434,9,2.8698606491088867,0.6029615998268127,2.2668991088867188,0.038296156,0.19753086419753085,,,,
435,27,2.8382089138031006,0.5905576348304749,2.2476513385772705,0.039432008,0.19753086419753085,,,,
436,23,3.071239709854126,0.7211017608642578,2.350137948989868,0.040813908,0.1316872427983539,,,,
437,9,2.792753219604492,0.5886316299438477,2.2041215896606445,0.016495759,0.1316872427983539,,,,
438,13,3.0449934005737305,0.7229775190353394,2.3220160007476807,0.028296907,0.1316872427983539,,,,
439,18,2.9356131553649902,0.6671797037124634,2.2684333324432373,0.014389188,0.1316872427983539,,,,
440,22,2.855647087097168,0.6114890575408936,2.2441580295562744,0.01767442,0.1316872427983539,,,,
441,18,2.823610305786133,0.5927992463111877,2.23081111907959,0.012798136,0.1316872427983539,,,,
442,13,2.8356986045837402,0.647086501121521,2.1886119842529297,0.01196651,0.1316872427983539,,,,
443,19,2.9243741035461426,0.654754102230072,2.269619941711426,0.018945983,0.1316872427983539,,,,
444,17,2.9153053760528564,0.6820394992828369,2.2332658767700195,0.012333475,0.1316872427983539,,,,
445,26,3.0091347694396973,0.6886629462242126,2.32047176361084,0.016505035,0.1316872427983539,,,,
446,22,2.8928236961364746,0.6473391056060791,2.2454845905303955,0.013693839,0.1316872427983539,,,,
447,14,2.9833033084869385,0.7399589419364929,2.243344306945801,0.012019213,0.1316872427983539,,,,
448,30,2.9651923179626465,0.6507934331893921,2.314399003982544,0.013246679,0.1316872427983539,,,,
449,24,2.9561636447906494,0.6602764129638672,2.2958872318267822,0.01158654,0.1316872427983539,,,,
450,9,2.962984561920166,0.653788685798645,2.3091959953308105,0.017854702,0.1316872427983539,,,,
451,15,3.0735297203063965,0.7546321749687195,2.3188974857330322,0.026112722,0.1316872427983539,,,,
452,20,2.9742202758789062,0.7210555076599121,2.253164768218994,0.010713568,0.1316872427983539,,,,
453,21,2.9417226314544678,0.6267526745796204,2.314970016479492,0.021408077,0.1316872427983539,,,,
454,20,2.7942850589752197,0.5784451961517334,2.2158398628234863,0.011218322,0.1316872427983539,,,,
455,26,2.910322904586792,0.6670545935630798,2.2432682514190674,0.02154616,0.1316872427983539,,,,
456,17,3.0090479850769043,0.7394997477531433,2.269548177719116,0.015831823,0.1316872427983539,,,,
457,26,3.081009864807129,0.7612720727920532,2.3197379112243652,0.028125968,0.1316872427983539,,,,
458,27,2.9065101146698,0.7016723155975342,2.2048377990722656,0.020230155,0.1316872427983539,,,,
459,21,2.990657329559326,0.7163052558898926,2.2743520736694336,0.019213252,0.1316872427983539,,,,
460,39,2.8978328704833984,0.6404886841773987,2.2573442459106445,0.02342642,0.1316872427983539,,,,
461,11,2.990553379058838,0.7109521627426147,2.2796010971069336,0.020165157,0.1316872427983539,,,,
462,15,2.9188880920410156,0.7615100145339966,2.1573779582977295,0.019931482,0.1316872427983539,,,,
463,11,2.905782699584961,0.6270709037780762,2.2787117958068848,0.01837511,0.1316872427983539,,,,
464,23,2.8566532135009766,0.6617068648338318,2.1949462890625,0.027526077,0.1316872427983539,,,,
465,19,3.027031660079956,0.7043495774269104,2.3226821422576904,0.020387389,0.1316872427983539,,,,
466,12,2.9235990047454834,0.6685528755187988,2.2550461292266846,0.015737299,0.1316872427983539,,,,
467,10,2.920234441757202,0.6675217151641846,2.2527127265930176,0.033946477,0.1316872427983539,,,,
468,15,2.8334341049194336,0.5969418883323669,2.236492156982422,0.03680793,0.1316872427983539,,,,
469,32,3.0023860931396484,0.6712279319763184,2.33115816116333,0.026452877,0.1316872427983539,,,,
470,9,2.860408306121826,0.6799829006195068,2.1804254055023193,0.013142927,0.1316872427983539,,,,
471,14,2.9526541233062744,0.6809399724006653,2.271714210510254,0.021484092,0.1316872427983539,,,,
472,16,2.895057201385498,0.6625838279724121,2.232473373413086,0.025273772,0.1316872427983539,,,,
473,18,2.903935194015503,0.5945884585380554,2.3093466758728027,0.018247673,0.1316872427983539,,,,
474,13,2.9298319816589355,0.6747437119483948,2.2550883293151855,0.015809447,0.1316872427983539,,,,
475,16,2.895317554473877,0.6128627061843872,2.2824549674987793,0.029404279,0.1316872427983539,,,,
476,11,2.8234992027282715,0.5694092512130737,2.2540900707244873,0.023579136,0.1316872427983539,,,,
477,17,2.8651812076568604,0.6616280674934387,2.2035531997680664,0.028540943,0.1316872427983539,,,,
478,11,2.7436673641204834,0.6072083115577698,2.1364591121673584,0.03506019,0.1316872427983539,,,,
479,16,2.963135004043579,0.6754591464996338,2.2876758575439453,0.0439834,0.0877914951989026,,,,
480,15,2.8526816368103027,0.6204336881637573,2.232248067855835,0.024301192,0.0877914951989026,,,,
481,18,2.915233612060547,0.6389214992523193,2.2763121128082275,0.012692342,0.0877914951989026,,,,
482,22,2.9245593547821045,0.6400582194328308,2.284501075744629,0.014043298,0.0877914951989026,,,,
483,25,2.919867515563965,0.6049951314926147,2.3148722648620605,0.009904858,0.1316872427983539,,,,
484,13,2.830098867416382,0.5681250095367432,2.2619738578796387,0.015410608,0.1316872427983539,,,,
485,24,2.9563682079315186,0.6064592003822327,2.3499090671539307,0.018012108,0.1316872427983539,,,,
486,13,2.766308546066284,0.5643220543861389,2.20198655128479,0.018802062,0.1316872427983539,,,,
487,14,2.8293981552124023,0.6266997456550598,2.2026984691619873,0.014032151,0.1316872427983539,,,,
488,18,2.754713535308838,0.5908889174461365,2.1638245582580566,0.013294214,0.1316872427983539,,,,
489,19,2.749281406402588,0.6178156137466431,2.1314656734466553,0.018853039,0.1316872427983539,,,,
490,19,2.8446617126464844,0.6226288080215454,2.2220330238342285,0.016597057,0.1316872427983539,,,,
491,20,2.8036253452301025,0.599257230758667,2.2043681144714355,0.01985756,0.1316872427983539,,,,
492,20,2.8601925373077393,0.6458893418312073,2.2143032550811768,0.013002316,0.1316872427983539,,,,
493,17,2.692368984222412,0.5504821538925171,2.1418867111206055,0.013371391,0.1316872427983539,,,,
494,17,2.734023332595825,0.5614448189735413,2.1725785732269287,0.013505115,0.1316872427983539,,,,
495,12,2.715745210647583,0.584965169429779,2.130779981613159,0.007599389,0.19753086419753085,,,,
496,32,2.629979372024536,0.4894152581691742,2.140564203262329,0.02816203,0.19753086419753085,,,,
497,16,2.5868520736694336,0.4663628041744232,2.1204893589019775,0.023040572,0.19753086419753085,,,,
498,18,2.706193447113037,0.4891422986984253,2.2170510292053223,0.044040807,0.1316872427983539,,,,
499,13,2.68233060836792,0.48947107791900635,2.192859649658203,0.016754536,0.1316872427983539,,,,
500,29,2.5690979957580566,0.455988347530365,2.113109588623047,0.016976003,0.1316872427983539,,,,
501,16,2.600529193878174,0.48158976435661316,2.1189393997192383,0.014284357,0.1316872427983539,,,,
502,37,2.7096362113952637,0.463344931602478,2.246291160583496,0.011656281,0.1316872427983539,,,,
503,14,2.6444272994995117,0.45003706216812134,2.194390296936035,0.017582027,0.1316872427983539,,,,
504,20,2.6184945106506348,0.4480327367782593,2.170461893081665,0.02028315,0.1316872427983539,,,,
505,21,2.63655424118042,0.4827052056789398,2.1538491249084473,0.015797913,0.1316872427983539,,,,
506,11,2.6020193099975586,0.5054815411567688,2.0965378284454346,0.022020508,0.1316872427983539,,,,
507,11,2.6552793979644775,0.49882984161376953,2.156449556350708,0.012173239,0.1316872427983539,,,,
508,13,2.6344659328460693,0.4217267334461212,2.2127392292022705,0.019716762,0.1316872427983539,,,,
509,15,2.5919580459594727,0.45768871903419495,2.1342692375183105,0.017901836,0.1316872427983539,,,,
510,11,2.7020885944366455,0.48227834701538086,2.2198102474212646,0.018762153,0.1316872427983539,,,,
511,25,2.6958351135253906,0.4633326828479767,2.2325024604797363,0.012546003,0.1316872427983539,,,,
512,18,2.6736550331115723,0.4984070360660553,2.17524790763855,0.020004854,0.1316872427983539,,,,
513,11,2.662792682647705,0.484658420085907,2.1781342029571533,0.018889477,0.1316872427983539,,,,
514,20,2.6643056869506836,0.4952823519706726,2.169023275375366,0.016334664,0.1316872427983539,,,,
515,31,2.6870005130767822,0.4663594365119934,2.2206411361694336,0.024827108,0.1316872427983539,,,,
516,21,2.7220051288604736,0.4426662027835846,2.279338836669922,0.03363286,0.1316872427983539,,,,
517,16,2.541977882385254,0.40172797441482544,2.1402499675750732,0.025839351,0.1316872427983539,,,,
518,27,2.6671323776245117,0.4612349569797516,2.205897331237793,0.0172147,0.1316872427983539,,,,
519,9,2.680229663848877,0.4337950348854065,2.2464346885681152,0.025241153,0.1316872427983539,,,,
520,11,2.667473077774048,0.4419330656528473,2.2255399227142334,0.016127955,0.1316872427983539,,,,
521,14,2.7097160816192627,0.41871383786201477,2.2910022735595703,0.021740142,0.1316872427983539,,,,
522,31,2.7723770141601562,0.5142571330070496,2.258119821548462,0.013100271,0.1316872427983539,,,,
523,14,2.616223096847534,0.46959421038627625,2.1466288566589355,0.019482594,0.1316872427983539,,,,
524,24,2.6192266941070557,0.48058587312698364,2.138640880584717,0.014799696,0.1316872427983539,,,,
525,13,2.8162169456481934,0.5582032799720764,2.2580137252807617,0.01581873,0.1316872427983539,,,,
526,12,2.6837799549102783,0.45141300559043884,2.2323670387268066,0.022729687,0.1316872427983539,,,,
527,13,2.5432167053222656,0.4270907938480377,2.1161258220672607,0.018285561,0.1316872427983539,,,,
528,14,2.724234104156494,0.4551522135734558,2.2690818309783936,0.018582504,0.1316872427983539,,,,
529,24,2.5557198524475098,0.4754070043563843,2.080312967300415,0.01534363,0.1316872427983539,,,,
530,12,2.890275716781616,0.6168749332427979,2.2734007835388184,0.017723184,0.1316872427983539,,,,
531,27,2.833275318145752,0.6063295602798462,2.2269458770751953,0.019131377,0.1316872427983539,,,,
532,19,2.809691905975342,0.5971037149429321,2.212588310241699,0.0136026,0.1316872427983539,,,,
533,23,2.8616280555725098,0.5674349069595337,2.2941930294036865,0.013002258,0.1316872427983539,,,,
534,15,2.638883352279663,0.5043229460716248,2.1345603466033936,0.023098277,0.1316872427983539,,,,
535,21,2.655445098876953,0.5557519197463989,2.0996932983398438,0.023466732,0.1316872427983539,,,,
536,11,2.642899513244629,0.5087369680404663,2.134162664413452,0.019031545,0.1316872427983539,,,,
537,9,2.737678289413452,0.500943660736084,2.236734628677368,0.0143347755,0.1316872427983539,,,,
538,14,2.7762773036956787,0.5365902781486511,2.239686965942383,0.012607582,0.1316872427983539,,,,
539,9,2.684253692626953,0.4942830204963684,2.1899707317352295,0.018009894,0.1316872427983539,,,,
540,13,2.7607083320617676,0.5483163595199585,2.2123918533325195,0.015520863,0.1316872427983539,,,,
541,14,2.630756378173828,0.48615384101867676,2.1446025371551514,0.013255505,0.1316872427983539,,,,
542,11,2.5543744564056396,0.5056390762329102,2.0487353801727295,0.015683446,0.1316872427983539,,,,
543,15,2.6874911785125732,0.5634284019470215,2.1240627765655518,0.01176638,0.1316872427983539,,,,
544,9,2.852576971054077,0.5751928687095642,2.277384042739868,0.010426734,0.1316872427983539,,,,
545,13,2.6993513107299805,0.5455244779586792,2.1538267135620117,0.010917997,0.1316872427983539,,,,
546,27,2.8016905784606934,0.5639907121658325,2.2376997470855713,0.0077429134,0.19753086419753085,,,,
547,13,2.7793490886688232,0.5857110619544983,2.1936380863189697,0.02405205,0.19753086419753085,,,,
548,17,2.6462926864624023,0.5055723786354065,2.1407203674316406,0.022559084,0.19753086419753085,,,,
549,11,2.662407875061035,0.5139382481575012,2.1484696865081787,0.020156408,0.19753086419753085,,,,
550,16,2.53959059715271,0.49491196870803833,2.0446786880493164,0.016811464,0.19753086419753085,,,,
551,14,2.523688554763794,0.434354692697525,2.0893337726593018,0.020505471,0.19753086419753085,,,,
552,18,2.65295672416687,0.450787752866745,2.2021689414978027,0.018528044,0.19753086419753085,,,,
553,15,2.6610846519470215,0.4952598214149475,2.1658248901367188,0.026904225,0.19753086419753085,,,,
554,17,2.744981527328491,0.5459837913513184,2.198997735977173,0.020847285,0.19753086419753085,,,,
555,20,2.6275393962860107,0.4614890217781067,2.166050434112549,0.033745557,0.19753086419753085,,,,
556,23,2.6384854316711426,0.5443787574768066,2.094106674194336,0.032913186,0.19753086419753085,,,,
557,12,2.655078887939453,0.5476154088973999,2.1074635982513428,0.03423362,0.19753086419753085,,,,
558,15,2.704282522201538,0.5741134285926819,2.130169153213501,0.029849866,0.19753086419753085,,,,
559,29,2.6543171405792236,0.45023781061172485,2.2040793895721436,0.02167891,0.19753086419753085,,,,
560,20,2.6795408725738525,0.5141878128051758,2.1653530597686768,0.022959918,0.19753086419753085,,,,
561,21,2.7090647220611572,0.46146059036254883,2.2476041316986084,0.018425953,0.19753086419753085,,,,
562,20,2.632049083709717,0.5598344802856445,2.0722146034240723,0.040447615,0.1316872427983539,,,,
563,15,2.579608678817749,0.4920045733451843,2.08760404586792,0.024354514,0.1316872427983539,,,,
564,16,2.736781597137451,0.5155168771743774,2.2212648391723633,0.016394578,0.1316872427983539,,,,
565,12,2.638761520385742,0.5234884023666382,2.1152732372283936,0.009717278,0.19753086419753085,,,,
566,15,2.7071852684020996,0.6162973046302795,2.090888023376465,0.020977026,0.19753086419753085,,,,
567,16,2.687197685241699,0.5514074563980103,2.1357903480529785,0.02624034,0.19753086419753085,,,,
568,15,2.7143287658691406,0.549355149269104,2.164973497390747,0.02116255,0.19753086419753085,,,,
569,30,2.7584924697875977,0.5686347484588623,2.1898577213287354,0.019770702,0.19753086419753085,,,,
570,25,2.7489233016967773,0.5408512353897095,2.2080721855163574,0.024929706,0.19753086419753085,,,,
571,18,2.6126656532287598,0.4897199869155884,2.122945785522461,0.025738131,0.19753086419753085,,,,
572,13,2.653609037399292,0.46052056550979614,2.1930885314941406,0.026782218,0.19753086419753085,,,,
573,15,2.565725564956665,0.43769755959510803,2.12802791595459,0.029943738,0.19753086419753085,,,,
574,12,2.5425984859466553,0.4991786777973175,2.04341983795166,0.01814541,0.19753086419753085,,,,
575,15,2.602147102355957,0.48906978964805603,2.113077402114868,0.03876318,0.19753086419753085,,,,
576,12,2.6152265071868896,0.51542067527771,2.0998058319091797,0.021585898,0.19753086419753085,,,,
577,15,2.7210354804992676,0.5544832944869995,2.1665520668029785,0.027504634,0.19753086419753085,,,,
578,15,2.524975299835205,0.44496190547943115,2.0800132751464844,0.025796242,0.19753086419753085,,,,
579,15,2.5404202938079834,0.4413382411003113,2.0990819931030273,0.026005134,0.19753086419753085,,,,
580,33,2.6912453174591064,0.46934542059898376,2.22189998626709,0.025978275,0.19753086419753085,,,,
581,25,2.492072343826294,0.39209169149398804,2.099980592727661,0.029476414,0.19753086419753085,,,,
582,13,2.6003615856170654,0.42750677466392517,2.1728549003601074,0.025150195,0.19753086419753085,,,,
583,12,2.561213493347168,0.48000842332839966,2.081205129623413,0.019523978,0.19753086419753085,,,,
584,13,2.568901777267456,0.42077597975730896,2.1481258869171143,0.019534132,0.19753086419753085,,,,
585,12,2.57774019241333,0.47176945209503174,2.105970859527588,0.02076494,0.19753086419753085,,,,
586,9,2.6686580181121826,0.4789171814918518,2.1897408962249756,0.01827979,0.19753086419753085,,,,
587,20,2.591062545776367,0.47794657945632935,2.1131160259246826,0.021413665,0.19753086419753085,,,,
588,11,2.5581231117248535,0.4060845375061035,2.15203857421875,0.023584593,0.19753086419753085,,,,
589,9,2.5132479667663574,0.40670979022979736,2.1065382957458496,0.0142248785,0.19753086419753085,,,,
590,19,2.4334404468536377,0.45554694533348083,1.977893590927124,0.020429777,0.19753086419753085,,,,
591,15,2.4760375022888184,0.4693065285682678,2.0067310333251953,0.021118626,0.19753086419753085,,,,
592,13,2.486417293548584,0.3775578439235687,2.1088595390319824,0.016776923,0.19753086419753085,,,,
593,21,2.402954578399658,0.37662962079048157,2.026324987411499,0.022412254,0.19753086419753085,,,,
594,9,2.452972173690796,0.39269208908081055,2.0602800846099854,0.03092712,0.19753086419753085,,,,
595,24,2.58192777633667,0.5264233350753784,2.055504560470581,0.020918898,0.19753086419753085,,,,
596,22,2.5420889854431152,0.479581356048584,2.0625076293945312,0.019696638,0.19753086419753085,,,,
597,15,2.515299081802368,0.413906067609787,2.101392984390259,0.015743291,0.19753086419753085,,,,
598,9,2.502169132232666,0.4757080376148224,2.026461124420166,0.025794128,0.19753086419753085,,,,
599,20,2.5383481979370117,0.4878472089767456,2.0505011081695557,0.01734779,0.19753086419753085,,,,
600,11,2.5739684104919434,0.4719487130641937,2.102019786834717,0.021141263,0.19753086419753085,0.7,7,3,0
601,13,2.4793167114257812,0.39723289012908936,2.0820837020874023,0.019791484,0.19753086419753085,,,,
602,9,2.4139206409454346,0.41499653458595276,1.9989240169525146,0.030383028,0.19753086419753085,,,,
603,26,2.526249647140503,0.4647103250026703,2.0615394115448,0.022034727,0.19753086419753085,,,,
604,16,2.5475611686706543,0.5186346769332886,2.028926372528076,0.0209922,0.19753086419753085,,,,
605,12,2.422534227371216,0.3749222755432129,2.047611951828003,0.019175453,0.19753086419753085,,,,
606,11,2.4204015731811523,0.41082245111465454,2.0095791816711426,0.017942429,0.19753086419753085,,,,
607,13,2.3533170223236084,0.3537244498729706,1.9995925426483154,0.016414385,0.19753086419753085,,,,
608,13,2.602090835571289,0.5184359550476074,2.0836548805236816,0.015703049,0.19753086419753085,,,,
609,32,2.434201955795288,0.4381323754787445,1.9960695505142212,0.019010913,0.19753086419753085,,,,
610,20,2.430992841720581,0.4456367790699005,1.985356092453003,0.02322512,0.19753086419753085,,,,
611,21,2.4080445766448975,0.442177414894104,1.9658671617507935,0.017795194,0.19753086419753085,,,,
612,22,2.4752273559570312,0.4805808365345001,1.994646430015564,0.019985255,0.19753086419753085,,,,
613,25,2.4980008602142334,0.5602472424507141,1.9377535581588745,0.020780016,0.19753086419753085,,,,
614,22,2.507441520690918,0.5116075277328491,1.9958341121673584,0.014917589,0.19753086419753085,,,,
615,17,2.497957229614258,0.4765114188194275,2.0214457511901855,0.024239266,0.19753086419753085,,,,
616,19,2.4588332176208496,0.44039857387542725,2.018434762954712,0.017358005,0.19753086419753085,,,,
617,16,2.487797498703003,0.4679240584373474,2.0198733806610107,0.021751594,0.19753086419753085,,,,
618,30,2.4544174671173096,0.4414960443973541,2.0129213333129883,0.020992208,0.19753086419753085,,,,
619,11,2.4862923622131348,0.4879353940486908,1.9983570575714111,0.022026494,0.19753086419753085,,,,
620,27,2.529594898223877,0.4655574858188629,2.064037322998047,0.027982838,0.19753086419753085,,,,
621,25,2.4569053649902344,0.43004339933395386,2.0268619060516357,0.036528885,0.19753086419753085,,,,
622,13,2.4615700244903564,0.4362085163593292,2.0253615379333496,0.034394763,0.19753086419753085,,,,
623,16,2.432708263397217,0.4394098222255707,1.9932985305786133,0.030819524,0.19753086419753085,,,,
624,22,2.48865008354187,0.39034217596054077,2.0983078479766846,0.026558723,0.19753086419753085,,,,
625,22,2.54664945602417,0.5185710191726685,2.028078317642212,0.026213802,0.19753086419753085,,,,
626,17,2.474867343902588,0.4559522569179535,2.0189151763916016,0.02309263,0.19753086419753085,,,,
627,19,2.420435667037964,0.42944663763046265,1.9909889698028564,0.021958414,0.19753086419753085,,,,
628,11,2.4738879203796387,0.46438807249069214,2.0094997882843018,0.01893755,0.19753086419753085,,,,
629,25,2.464118480682373,0.4071464538574219,2.056972026824951,0.018197946,0.19753086419753085,,,,
630,22,2.5628063678741455,0.4609522819519043,2.101854085922241,0.018372755,0.19753086419753085,,,,
631,28,2.562624454498291,0.49827486276626587,2.06434965133667,0.020163547,0.19753086419753085,,,,
632,18,2.5554351806640625,0.467956006526947,2.0874791145324707,0.021292333,0.19753086419753085,,,,
633,13,2.4882214069366455,0.419791042804718,2.0684304237365723,0.021100506,0.19753086419753085,,,,
634,9,2.4964675903320312,0.46219244599342346,2.0342750549316406,0.023694208,0.19753086419753085,,,,
635,17,2.439406394958496,0.35679665207862854,2.0826096534729004,0.020881232,0.19753086419753085,,,,
636,24,2.476149797439575,0.4000307619571686,2.0761189460754395,0.022116669,0.19753086419753085,,,,
637,12,2.5837574005126953,0.4703800678253174,2.113377332687378,0.016036654,0.19753086419753085,,,,
638,18,2.2648251056671143,0.37976816296577454,1.885056972503662,0.025951724,0.19753086419753085,,,,
639,26,2.5038208961486816,0.40369856357574463,2.1001224517822266,0.019757997,0.19753086419753085,,,,
640,30,2.5595591068267822,0.5291334986686707,2.030425548553467,0.021910544,0.19753086419753085,,,,
641,34,2.4951093196868896,0.4310344159603119,2.064074993133545,0.01821594,0.19753086419753085,,,,
642,24,2.4842236042022705,0.4734761118888855,2.0107474327087402,0.026868945,0.19753086419753085,,,,
643,13,2.6717352867126465,0.5326764583587646,2.139058828353882,0.018535106,0.19753086419753085,,,,
644,13,2.5710277557373047,0.4724244773387909,2.0986032485961914,0.02381855,0.19753086419753085,,,,
645,12,2.604904890060425,0.47188496589660645,2.1330199241638184,0.027677692,0.19753086419753085,,,,
646,19,2.4875385761260986,0.47460001707077026,2.0129384994506836,0.016887747,0.19753086419753085,,,,
647,23,2.635319948196411,0.4856730103492737,2.1496469974517822,0.029112477,0.19753086419753085,,,,
648,14,2.6863441467285156,0.5262426733970642,2.1601014137268066,0.0327942,0.19753086419753085,,,,
649,29,2.6079261302948,0.4756203293800354,2.132305860519409,0.030348599,0.19753086419753085,,,,
650,14,2.531179904937744,0.4165627360343933,2.114617109298706,0.027826736,0.19753086419753085,,,,
651,20,2.668006658554077,0.45995405316352844,2.208052635192871,0.025587868,0.19753086419753085,,,,
652,16,2.627617120742798,0.42623284459114075,2.2013843059539795,0.030744974,0.19753086419753085,,,,
653,14,2.6383748054504395,0.44377779960632324,2.194597005844116,0.037616,0.19753086419753085,,,,
654,18,2.5548107624053955,0.4517011046409607,2.10310959815979,0.045505114,0.1316872427983539,,,,
655,15,2.6916301250457764,0.49566537141799927,2.195964813232422,0.035319228,0.1316872427983539,,,,
656,26,2.5586721897125244,0.43736031651496887,2.121311902999878,0.020117091,0.1316872427983539,,,,
657,16,2.549938201904297,0.4467286169528961,2.1032094955444336,0.01716103,0.1316872427983539,,,,
658,16,2.6165332794189453,0.45953309535980225,2.1570003032684326,0.0173713,0.1316872427983539,,,,
659,21,2.569143772125244,0.4030216634273529,2.1661221981048584,0.013343252,0.1316872427983539,,,,
660,20,2.627805233001709,0.4302607774734497,2.1975443363189697,0.030675964,0.1316872427983539,,,,
661,37,2.762312173843384,0.5093412399291992,2.2529709339141846,0.0110496655,0.1316872427983539,,,,
662,20,2.697666645050049,0.45243939757347107,2.245227336883545,0.028930193,0.1316872427983539,,,,
663,18,2.699882745742798,0.4759886860847473,2.2238941192626953,0.014147883,0.1316872427983539,,,,
664,14,2.7074830532073975,0.48728999495506287,2.2201931476593018,0.017996661,0.1316872427983539,,,,
665,29,2.6514339447021484,0.4397943615913391,2.211639642715454,0.011911976,0.1316872427983539,,,,
666,17,2.7125980854034424,0.46687930822372437,2.2457187175750732,0.018956298,0.1316872427983539,,,,
667,22,2.6704351902008057,0.45752307772636414,2.212912082672119,0.018579619,0.1316872427983539,,,,
668,13,2.662203311920166,0.4161731004714966,2.246030330657959,0.012937609,0.1316872427983539,,,,
669,24,2.6594085693359375,0.43916594982147217,2.220242738723755,0.019803373,0.1316872427983539,,,,
670,46,2.6629812717437744,0.458576500415802,2.204404830932617,0.02516644,0.1316872427983539,,,,
671,13,2.6808362007141113,0.4185980260372162,2.2622382640838623,0.02354142,0.1316872427983539,,,,
672,18,2.7097532749176025,0.4169948697090149,2.2927584648132324,0.034459814,0.1316872427983539,,,,
673,40,2.596472978591919,0.3717729151248932,2.2246999740600586,0.028411215,0.1316872427983539,,,,
674,16,2.711822271347046,0.4246227741241455,2.2871994972229004,0.019076543,0.1316872427983539,,,,
675,16,2.714442253112793,0.43966367840766907,2.2747786045074463,0.019225702,0.1316872427983539,,,,
676,13,2.768338680267334,0.4949406385421753,2.273397922515869,0.024399221,0.1316872427983539,,,,
677,23,2.726397752761841,0.4719979763031006,2.2543997764587402,0.021641104,0.1316872427983539,,,,
678,24,2.9462034702301025,0.5188495516777039,2.427353858947754,0.031956002,0.1316872427983539,,,,
679,15,2.8521533012390137,0.4626675844192505,2.3894858360290527,0.01742553,0.1316872427983539,,,,
680,16,2.817599296569824,0.4928983449935913,2.3247010707855225,0.026757238,0.1316872427983539,,,,
681,14,2.7424349784851074,0.44818922877311707,2.294245719909668,0.010243512,0.1316872427983539,,,,
682,21,2.7045340538024902,0.39376139640808105,2.310772657394409,0.015468483,0.1316872427983539,,,,
683,30,2.7528514862060547,0.42913106083869934,2.3237204551696777,0.013390722,0.1316872427983539,,,,
684,16,2.7294416427612305,0.4701117277145386,2.2593297958374023,0.022065617,0.1316872427983539,,,,
685,17,2.785071849822998,0.4983516037464142,2.2867202758789062,0.01893899,0.1316872427983539,,,,
686,22,2.861241340637207,0.5442292094230652,2.317012071609497,0.021556221,0.1316872427983539,,,,
687,18,2.8447341918945312,0.505806565284729,2.338927745819092,0.024205131,0.1316872427983539,,,,
688,10,2.846872091293335,0.5323822498321533,2.3144898414611816,0.0190784,0.1316872427983539,,,,
689,16,2.8788321018218994,0.5066649913787842,2.3721671104431152,0.016299259,0.1316872427983539,,,,
690,25,2.8273935317993164,0.4786616861820221,2.348731756210327,0.021170586,0.1316872427983539,,,,
691,10,2.894212007522583,0.5181615352630615,2.3760504722595215,0.022614498,0.1316872427983539,,,,
692,17,2.8472399711608887,0.5300564169883728,2.317183494567871,0.021192467,0.1316872427983539,,,,
693,25,2.7812373638153076,0.446997731924057,2.3342397212982178,0.018504791,0.1316872427983539,,,,
694,15,2.6972718238830566,0.4613390564918518,2.2359328269958496,0.024317512,0.1316872427983539,,,,
695,19,2.765279531478882,0.5289456248283386,2.2363338470458984,0.015472638,0.1316872427983539,,,,
696,15,2.8032455444335938,0.48211491107940674,2.3211307525634766,0.01925785,0.1316872427983539,,,,
697,13,2.822540760040283,0.5047464966773987,2.3177943229675293,0.013993427,0.1316872427983539,,,,
698,19,2.838574171066284,0.522200345993042,2.316373825073242,0.016249,0.1316872427983539,,,,
699,9,2.859388589859009,0.5113372802734375,2.3480513095855713,0.020455185,0.1316872427983539,,,,
700,26,2.8755745887756348,0.5547542572021484,2.3208203315734863,0.019068496,0.1316872427983539,,,,
701,23,2.740205764770508,0.47189876437187195,2.2683069705963135,0.016654562,0.1316872427983539,,,,
702,16,2.868415355682373,0.583989679813385,2.284425735473633,0.02201159,0.1316872427983539,,,,
703,25,2.7734906673431396,0.48799753189086914,2.2854931354522705,0.021476429,0.1316872427983539,,,,
704,18,2.8311281204223633,0.4992053210735321,2.331922769546509,0.01601345,0.1316872427983539,,,,
705,12,2.893205165863037,0.5610522031784058,2.332153081893921,0.024258468,0.1316872427983539,,,,
706,28,2.918470859527588,0.5505994558334351,2.3678712844848633,0.018332694,0.1316872427983539,,,,
707,22,2.8597161769866943,0.5696855187416077,2.2900307178497314,0.025787082,0.1316872427983539,,,,
708,31,2.8671274185180664,0.5648782253265381,2.3022491931915283,0.028064147,0.1316872427983539,,,,
709,23,2.9162192344665527,0.5073578357696533,2.4088613986968994,0.020564996,0.1316872427983539,,,,
710,19,2.850870132446289,0.5490845441818237,2.301785707473755,0.021418039,0.1316872427983539,,,,
711,34,2.9324402809143066,0.5658673048019409,2.366572856903076,0.018459886,0.1316872427983539,,,,
712,15,2.955634593963623,0.4987863302230835,2.456848382949829,0.021075118,0.1316872427983539,,,,
713,22,3.0339550971984863,0.5607010126113892,2.4732542037963867,0.017188746,0.1316872427983539,,,,
714,26,2.9009828567504883,0.4583686590194702,2.4426140785217285,0.025241472,0.1316872427983539,,,,
715,17,2.83294939994812,0.4722636342048645,2.3606858253479004,0.026042946,0.1316872427983539,,,,
716,22,2.8672895431518555,0.5012355446815491,2.366054058074951,0.026846705,0.1316872427983539,,,,
717,23,2.977316379547119,0.5706784725189209,2.4066379070281982,0.019856839,0.1316872427983539,,,,
718,20,2.894188165664673,0.5277812480926514,2.3664069175720215,0.02350543,0.1316872427983539,,,,
719,25,2.801241636276245,0.5097987651824951,2.29144287109375,0.017541721,0.1316872427983539,,,,
720,15,2.8749585151672363,0.4997924268245697,2.375166177749634,0.012880051,0.1316872427983539,,,,
721,22,2.8192057609558105,0.5256462097167969,2.2935595512390137,0.018174231,0.1316872427983539,,,,
722,19,2.984865188598633,0.6144357323646545,2.370429515838623,0.0142375175,0.1316872427983539,,,,
723,35,2.8007428646087646,0.5483787059783936,2.252364158630371,0.013856318,0.1316872427983539,,,,
724,14,2.986508369445801,0.593878984451294,2.392629384994507,0.01828683,0.1316872427983539,,,,
725,19,2.9344959259033203,0.5408036708831787,2.3936922550201416,0.019250877,0.1316872427983539,,,,
726,13,2.9377944469451904,0.512922465801239,2.4248719215393066,0.0186241,0.1316872427983539,,,,
727,14,2.8690810203552246,0.5174683332443237,2.3516125679016113,0.014106432,0.1316872427983539,,,,
728,15,2.9395618438720703,0.5341402292251587,2.405421733856201,0.030112416,0.1316872427983539,,,,
729,16,2.959176540374756,0.5653609037399292,2.393815755844116,0.018546626,0.1316872427983539,,,,
730,32,2.927896499633789,0.5395097732543945,2.3883867263793945,0.019970438,0.1316872427983539,,,,
731,25,2.964594841003418,0.512616753578186,2.4519779682159424,0.025441142,0.1316872427983539,,,,
732,16,2.952679395675659,0.5931186676025391,2.35956072807312,0.021902338,0.1316872427983539,,,,
733,20,2.9543964862823486,0.5330600142478943,2.4213364124298096,0.014718282,0.1316872427983539,,,,
734,12,2.9012246131896973,0.5671859979629517,2.334038496017456,0.022204544,0.1316872427983539,,,,
735,16,2.90932559967041,0.46726861596107483,2.442056894302368,0.026417384,0.1316872427983539,,,,
736,23,2.9041149616241455,0.4948882758617401,2.409226655960083,0.016975636,0.1316872427983539,,,,
737,10,2.98354172706604,0.5527858734130859,2.430755853652954,0.0152955055,0.1316872427983539,,,,
738,12,2.844886302947998,0.5228954553604126,2.321990728378296,0.020145347,0.1316872427983539,,,,
739,23,2.877145767211914,0.5290247201919556,2.348121166229248,0.019212496,0.1316872427983539,,,,
740,25,2.8908450603485107,0.4845571517944336,2.406287908554077,0.018238539,0.1316872427983539,,,,
741,23,2.849883556365967,0.4788183569908142,2.371065139770508,0.019015525,0.1316872427983539,,,,
742,18,2.8049933910369873,0.46531322598457336,2.3396801948547363,0.02142032,0.1316872427983539,,,,
743,14,3.0202202796936035,0.519231915473938,2.500988483428955,0.03165011,0.1316872427983539,,,,
744,33,2.8842663764953613,0.4674660861492157,2.4168002605438232,0.013087966,0.1316872427983539,,,,
745,21,2.9752871990203857,0.4824642837047577,2.4928228855133057,0.020817451,0.1316872427983539,,,,
746,15,2.8384194374084473,0.41830867528915405,2.4201107025146484,0.020868117,0.1316872427983539,,,,
747,16,3.0395970344543457,0.49351048469543457,2.546086549758911,0.019584509,0.1316872427983539,,,,
748,21,2.824906826019287,0.47298070788383484,2.35192608833313,0.01263744,0.1316872427983539,,,,
749,15,2.970076322555542,0.4834510385990143,2.4866251945495605,0.012975549,0.1316872427983539,,,,
750,33,2.8167357444763184,0.4405297040939331,2.376206159591675,0.017437086,0.1316872427983539,,,,
751,27,3.050621509552002,0.525477409362793,2.525144100189209,0.025496257,0.1316872427983539,,,,
752,37,2.8962230682373047,0.40866848826408386,2.4875545501708984,0.019359536,0.1316872427983539,,,,
753,29,2.940615177154541,0.44794800877571106,2.4926671981811523,0.021156557,0.1316872427983539,,,,
754,19,2.9647278785705566,0.4479251503944397,2.5168027877807617,0.01873788,0.1316872427983539,,,,
755,21,3.0043389797210693,0.4818751811981201,2.522463798522949,0.029342238,0.1316872427983539,,,,
756,28,2.929088830947876,0.4663063585758209,2.462782382965088,0.0271636,0.1316872427983539,,,,
757,25,3.032418966293335,0.4980916380882263,2.534327268600464,0.022162203,0.1316872427983539,,,,
758,16,2.9949491024017334,0.49749547243118286,2.4974536895751953,0.014956752,0.1316872427983539,,,,
759,23,3.1248602867126465,0.5289311408996582,2.5959291458129883,0.027828248,0.1316872427983539,,,,
760,19,3.0626983642578125,0.5534816980361938,2.509216785430908,0.021780642,0.1316872427983539,,,,
761,24,2.9291510581970215,0.5057822465896606,2.4233689308166504,0.027358025,0.1316872427983539,,,,
762,13,3.043607234954834,0.5105563402175903,2.533051013946533,0.014458155,0.1316872427983539,,,,
763,18,2.9891443252563477,0.4850929379463196,2.504051446914673,0.020614948,0.1316872427983539,,,,
764,30,3.016273021697998,0.49551665782928467,2.520756483078003,0.015042705,0.1316872427983539,,,,
765,14,3.085409641265869,0.530195415019989,2.5552141666412354,0.010887428,0.1316872427983539,,,,
766,13,2.926055431365967,0.41635072231292725,2.509704828262329,0.020310132,0.1316872427983539,,,,
767,17,3.1380109786987305,0.5596060752868652,2.5784049034118652,0.019619029,0.1316872427983539,,,,
768,18,3.022470712661743,0.5958202481269836,2.4266505241394043,0.016116692,0.1316872427983539,,,,
769,19,2.9003095626831055,0.5437928438186646,2.3565165996551514,0.016109373,0.1316872427983539,,,,
770,19,2.9911818504333496,0.4684865474700928,2.522695302963257,0.012074902,0.1316872427983539,,,,
771,18,3.134554624557495,0.5715048313140869,2.563049793243408,0.016635243,0.1316872427983539,,,,
772,12,3.0122201442718506,0.5178398489952087,2.494380235671997,0.0109505635,0.1316872427983539,,,,
773,22,3.0597753524780273,0.5673158764839172,2.492459535598755,0.015816838,0.1316872427983539,,,,
774,29,3.1111292839050293,0.5811986923217773,2.529930591583252,0.013534166,0.1316872427983539,,,,
775,23,2.992884874343872,0.4920007586479187,2.5008840560913086,0.011390226,0.1316872427983539,,,,
776,18,3.0652718544006348,0.5547295212745667,2.510542392730713,0.012739696,0.1316872427983539,,,,
777,15,3.0527920722961426,0.5598070621490479,2.4929850101470947,0.014495235,0.1316872427983539,,,,
778,14,3.1241908073425293,0.5697551369667053,2.5544357299804688,0.008761143,0.19753086419753085,,,,
779,27,3.0582451820373535,0.5791436433792114,2.4791016578674316,0.025598785,0.19753086419753085,,,,
780,10,2.9906184673309326,0.45142245292663574,2.539196014404297,0.032315053,0.19753086419753085,,,,
781,13,2.9222590923309326,0.40609627962112427,2.516162872314453,0.031136196,0.19753086419753085,,,,
782,12,3.0633788108825684,0.48262688517570496,2.580751895904541,0.02277254,0.19753086419753085,,,,
783,15,2.9434409141540527,0.4516957104206085,2.4917452335357666,0.025700517,0.19753086419753085,,,,
784,11,2.935018539428711,0.4536541700363159,2.4813642501831055,0.021647805,0.19753086419753085,,,,
785,17,2.991225242614746,0.49280989170074463,2.498415470123291,0.020586234,0.19753086419753085,,,,
786,23,2.9950263500213623,0.5257272720336914,2.469299077987671,0.019634869,0.19753086419753085,,,,
787,20,2.968984842300415,0.45045438408851624,2.5185303688049316,0.020686943,0.19753086419753085,,,,
788,27,3.0207364559173584,0.47812244296073914,2.542613983154297,0.020844333,0.19753086419753085,,,,
789,12,3.0044641494750977,0.4724463224411011,2.532017946243286,0.01897652,0.19753086419753085,,,,
790,31,3.016566276550293,0.48514652252197266,2.5314197540283203,0.021313466,0.19753086419753085,,,,
791,14,2.9541473388671875,0.41951000690460205,2.534637451171875,0.025071118,0.19753086419753085,,,,
792,22,3.059633493423462,0.5049440860748291,2.554689407348633,0.026876215,0.19753086419753085,,,,
793,16,2.994537353515625,0.4700390100479126,2.524498224258423,0.027674446,0.19753086419753085,,,,
794,12,3.0156595706939697,0.4436182677745819,2.5720412731170654,0.025466666,0.19753086419753085,,,,
795,10,2.9905154705047607,0.4435131549835205,2.5470023155212402,0.03078597,0.19753086419753085,,,,
796,16,2.9822728633880615,0.4586356282234192,2.523637294769287,0.024627551,0.19753086419753085,,,,
797,13,2.955789804458618,0.5019065737724304,2.453883171081543,0.021141492,0.19753086419753085,,,,
798,12,2.9125258922576904,0.4367288053035736,2.475797176361084,0.022350289,0.19753086419753085,,,,
799,14,2.94822359085083,0.4178284704685211,2.530395030975342,0.018083727,0.19753086419753085,,,,
800,39,2.992095947265625,0.5148758292198181,2.477220058441162,0.019788941,0.19753086419753085,0.6,6,4,0
801,16,2.95979642868042,0.45974862575531006,2.5000476837158203,0.023309832,0.19753086419753085,,,,
802,14,2.988187551498413,0.38248613476753235,2.605701446533203,0.019827385,0.19753086419753085,,,,
803,16,2.9693286418914795,0.43881580233573914,2.530512809753418,0.015223797,0.19753086419753085,,,,
804,34,2.880248785018921,0.4293983578681946,2.450850486755371,0.02018333,0.19753086419753085,,,,
805,27,2.95387864112854,0.428055077791214,2.5258235931396484,0.017489431,0.19753086419753085,,,,
806,11,2.9545018672943115,0.48319363594055176,2.4713082313537598,0.023051769,0.19753086419753085,,,,
807,13,2.867183208465576,0.39669671654701233,2.4704864025115967,0.028050408,0.19753086419753085,,,,
808,26,2.933425188064575,0.4341748058795929,2.4992504119873047,0.030349128,0.19753086419753085,,,,
809,26,3.013122081756592,0.4489189386367798,2.5642032623291016,0.019563831,0.19753086419753085,,,,
810,10,2.8273637294769287,0.3716913163661957,2.4556725025177,0.02665327,0.19753086419753085,,,,
811,13,3.042869806289673,0.5228354930877686,2.5200343132019043,0.022559993,0.19753086419753085,,,,
812,14,2.7936747074127197,0.3653703033924103,2.428304433822632,0.023884283,0.19753086419753085,,,,
813,22,2.786565065383911,0.38985177874565125,2.3967132568359375,0.029774021,0.19753086419753085,,,,
814,18,2.810147762298584,0.4133217930793762,2.3968260288238525,0.023048945,0.19753086419753085,,,,
815,18,2.8129377365112305,0.4201115071773529,2.3928263187408447,0.030977115,0.19753086419753085,,,,
816,27,2.7434818744659424,0.4121716022491455,2.331310272216797,0.021555299,0.19753086419753085,,,,
817,11,2.7819740772247314,0.4357747435569763,2.3461992740631104,0.026188951,0.19753086419753085,,,,
818,18,2.875009775161743,0.43228474259376526,2.4427249431610107,0.024639584,0.19753086419753085,,,,
819,11,2.8406660556793213,0.3566043972969055,2.4840617179870605,0.02082849,0.19753086419753085,,,,
820,28,2.9244675636291504,0.5040932893753052,2.4203741550445557,0.024992233,0.19753086419753085,,,,
821,20,2.8344168663024902,0.44350042939186096,2.390916347503662,0.017642822,0.19753086419753085,,,,
822,15,2.713186025619507,0.44507908821105957,2.2681069374084473,0.023032974,0.19753086419753085,,,,
823,22,2.7923474311828613,0.4572484493255615,2.3350989818573,0.023440907,0.19753086419753085,,,,
824,10,2.796203136444092,0.45013463497161865,2.3460686206817627,0.026025198,0.19753086419753085,,,,
825,14,2.7538540363311768,0.40296870470046997,2.3508853912353516,0.01911634,0.19753086419753085,,,,
